{
  "youtube": {
    "community_detection": 180.23855805397034, 
    "rnd": 0.5783131122589111, 
    "parts": 13509, 
    "metis": 51.05921483039856
  }
}