{
  "facebook": {
    "community_detection": 1.9393961429595947, 
    "rnd": 0.0015540122985839844, 
    "parts": 16, 
    "metis": 0.17519688606262207
  }
}