{
  "facebook": {
    "community_detection": 1.8896169662475586, 
    "rnd": 0.0016579627990722656, 
    "parts": 16, 
    "metis": 0.17098093032836914
  }, 
  "dblp": {
    "community_detection": 85.43019199371338, 
    "rnd": 0.15934395790100098, 
    "parts": 360, 
    "metis": 4.475388050079346
  }
}