{
  "facebook": {
    "community_detection": 1.5807890892028809, 
    "rnd": 0.0012199878692626953, 
    "parts": 16, 
    "metis": 0.12569808959960938
  }
}