{
  "facebook": {
    "community_detection": 1.4642691612243652, 
    "rnd": 0.0011968612670898438, 
    "parts": 16, 
    "metis": 0.12133979797363281
  }, 
  "dblp": {
    "community_detection": 70.13626599311829, 
    "rnd": 0.10519599914550781, 
    "parts": 360, 
    "metis": 3.367093086242676
  }
}